protocol,environment,num_nodes,n,pdr_mean,pdr_std
AERIS,indoor_factory,50,30,0.612737,0.021754
AERIS,indoor_factory,100,30,0.600233,0.013492
AERIS,indoor_factory,200,30,0.596287,0.010926
AERIS,indoor_factory,300,30,0.59567,0.007192
AERIS,indoor_factory,500,30,0.593043,0.006388
AERIS,indoor_factory,800,30,0.593947,0.005316
AERIS,indoor_factory,1000,30,0.592153,0.00437
AERIS,indoor_office,50,30,0.93624,0.00427
AERIS,indoor_office,100,30,0.920363,0.002804
AERIS,indoor_office,200,30,0.916563,0.003131
AERIS,indoor_office,300,30,0.915547,0.003343
AERIS,indoor_office,500,30,0.913567,0.003034
AERIS,indoor_office,800,30,0.91346,0.002947
AERIS,indoor_office,1000,30,0.9134,0.00261
AERIS,outdoor_suburban,50,30,0.79199,0.012736
AERIS,outdoor_suburban,100,30,0.777387,0.008027
AERIS,outdoor_suburban,200,30,0.7741,0.006136
AERIS,outdoor_suburban,300,30,0.77243,0.005174
AERIS,outdoor_suburban,500,30,0.770133,0.003963
AERIS,outdoor_suburban,800,30,0.771247,0.003902
AERIS,outdoor_suburban,1000,30,0.769657,0.003318
AERIS,outdoor_urban,50,30,0.209723,0.025412
AERIS,outdoor_urban,100,30,0.20594,0.014391
AERIS,outdoor_urban,200,30,0.20159,0.011495
AERIS,outdoor_urban,300,30,0.201273,0.008396
AERIS,outdoor_urban,500,30,0.1997,0.00655
AERIS,outdoor_urban,800,30,0.200063,0.005373
AERIS,outdoor_urban,1000,30,0.199247,0.00442
CTP,indoor_factory,50,30,0.607337,0.028667
CTP,indoor_factory,100,30,0.61029,0.019861
CTP,indoor_factory,200,30,0.606587,0.013347
CTP,indoor_factory,300,30,0.604343,0.008761
CTP,indoor_factory,500,30,0.603747,0.007516
CTP,indoor_factory,800,30,0.60578,0.006852
CTP,indoor_factory,1000,30,0.60497,0.005619
CTP,indoor_office,50,30,0.999993,2.5e-05
CTP,indoor_office,100,30,1.0,0.0
CTP,indoor_office,200,30,1.0,0.0
CTP,indoor_office,300,30,1.0,0.0
CTP,indoor_office,500,30,1.0,0.0
CTP,indoor_office,800,30,1.0,0.0
CTP,indoor_office,1000,30,1.0,0.0
CTP,outdoor_suburban,50,30,0.768733,0.022201
CTP,outdoor_suburban,100,30,0.770897,0.015631
CTP,outdoor_suburban,200,30,0.768347,0.010934
CTP,outdoor_suburban,300,30,0.767,0.007353
CTP,outdoor_suburban,500,30,0.766627,0.005682
CTP,outdoor_suburban,800,30,0.768643,0.005385
CTP,outdoor_suburban,1000,30,0.768117,0.004532
CTP,outdoor_urban,50,30,0.24727,0.03426
CTP,outdoor_urban,100,30,0.2545,0.018045
CTP,outdoor_urban,200,30,0.252157,0.015094
CTP,outdoor_urban,300,30,0.25164,0.010293
CTP,outdoor_urban,500,30,0.251173,0.00818
CTP,outdoor_urban,800,30,0.252837,0.007318
CTP,outdoor_urban,1000,30,0.25294,0.005468
HEED,indoor_factory,50,30,0.518307,0.022715
HEED,indoor_factory,100,30,0.526443,0.015906
HEED,indoor_factory,200,30,0.519693,0.01058
HEED,indoor_factory,300,30,0.518423,0.008291
HEED,indoor_factory,500,30,0.51831,0.007295
HEED,indoor_factory,800,30,0.518147,0.005494
HEED,indoor_factory,1000,30,0.518893,0.004535
HEED,indoor_office,50,30,0.865763,0.007378
HEED,indoor_office,100,30,0.87648,0.005902
HEED,indoor_office,200,30,0.871357,0.004623
HEED,indoor_office,300,30,0.870813,0.005841
HEED,indoor_office,500,30,0.87008,0.003757
HEED,indoor_office,800,30,0.86807,0.003992
HEED,indoor_office,1000,30,0.869247,0.004574
HEED,outdoor_suburban,50,30,0.669193,0.016118
HEED,outdoor_suburban,100,30,0.67754,0.012727
HEED,outdoor_suburban,200,30,0.671963,0.00783
HEED,outdoor_suburban,300,30,0.67048,0.007335
HEED,outdoor_suburban,500,30,0.670287,0.006485
HEED,outdoor_suburban,800,30,0.669797,0.004232
HEED,outdoor_suburban,1000,30,0.67042,0.004258
HEED,outdoor_urban,50,30,0.18983,0.022184
HEED,outdoor_urban,100,30,0.193353,0.013555
HEED,outdoor_urban,200,30,0.18848,0.010205
HEED,outdoor_urban,300,30,0.188053,0.007911
HEED,outdoor_urban,500,30,0.187897,0.00628
HEED,outdoor_urban,800,30,0.187763,0.004739
HEED,outdoor_urban,1000,30,0.18848,0.003788
LEACH,indoor_factory,50,30,0.534243,0.025803
LEACH,indoor_factory,100,30,0.53363,0.017617
LEACH,indoor_factory,200,30,0.528753,0.012996
LEACH,indoor_factory,300,30,0.524893,0.009365
LEACH,indoor_factory,500,30,0.524027,0.007555
LEACH,indoor_factory,800,30,0.524977,0.00615
LEACH,indoor_factory,1000,30,0.525947,0.005256
LEACH,indoor_office,50,30,0.923073,0.006322
LEACH,indoor_office,100,30,0.919467,0.00596
LEACH,indoor_office,200,30,0.915217,0.004848
LEACH,indoor_office,300,30,0.91036,0.006202
LEACH,indoor_office,500,30,0.90924,0.00581
LEACH,indoor_office,800,30,0.90837,0.005898
LEACH,indoor_office,1000,30,0.910577,0.005684
LEACH,outdoor_suburban,50,30,0.697353,0.019752
LEACH,outdoor_suburban,100,30,0.694553,0.014325
LEACH,outdoor_suburban,200,30,0.690953,0.010931
LEACH,outdoor_suburban,300,30,0.6856,0.008729
LEACH,outdoor_suburban,500,30,0.684873,0.006936
LEACH,outdoor_suburban,800,30,0.68588,0.005471
LEACH,outdoor_suburban,1000,30,0.6873,0.005399
LEACH,outdoor_urban,50,30,0.189767,0.022997
LEACH,outdoor_urban,100,30,0.18985,0.014413
LEACH,outdoor_urban,200,30,0.18665,0.010867
LEACH,outdoor_urban,300,30,0.18502,0.007511
LEACH,outdoor_urban,500,30,0.184407,0.006351
LEACH,outdoor_urban,800,30,0.18497,0.004742
LEACH,outdoor_urban,1000,30,0.18555,0.003886
PEGASIS,indoor_factory,50,30,0.346087,0.041937
PEGASIS,indoor_factory,100,30,0.337733,0.036884
PEGASIS,indoor_factory,200,30,0.390013,0.066297
PEGASIS,indoor_factory,300,30,0.38722,0.058416
PEGASIS,indoor_factory,500,30,0.383673,0.059896
PEGASIS,indoor_factory,800,30,0.33565,0.032184
PEGASIS,indoor_factory,1000,30,0.33243,0.040645
PEGASIS,indoor_office,50,30,0.99999,3.1e-05
PEGASIS,indoor_office,100,30,0.999973,7.8e-05
PEGASIS,indoor_office,200,30,0.999923,0.00011
PEGASIS,indoor_office,300,30,0.999843,0.000148
PEGASIS,indoor_office,500,30,0.99971,0.000211
PEGASIS,indoor_office,800,30,0.99918,0.000251
PEGASIS,indoor_office,1000,30,0.9988,0.000307
PEGASIS,outdoor_suburban,50,30,0.62526,0.042713
PEGASIS,outdoor_suburban,100,30,0.621243,0.035445
PEGASIS,outdoor_suburban,200,30,0.663167,0.061676
PEGASIS,outdoor_suburban,300,30,0.639897,0.056122
PEGASIS,outdoor_suburban,500,30,0.617417,0.056192
PEGASIS,outdoor_suburban,800,30,0.561837,0.032086
PEGASIS,outdoor_suburban,1000,30,0.555723,0.041968
PEGASIS,outdoor_urban,50,30,0.046543,0.009968
PEGASIS,outdoor_urban,100,30,0.040847,0.007186
PEGASIS,outdoor_urban,200,30,0.034807,0.00442
PEGASIS,outdoor_urban,300,30,0.036247,0.009016
PEGASIS,outdoor_urban,500,30,0.02835,0.012336
PEGASIS,outdoor_urban,800,30,0.020193,0.00571
PEGASIS,outdoor_urban,1000,30,0.02093,0.008448
RPL-MRHOF,indoor_factory,50,30,0.610393,0.028681
RPL-MRHOF,indoor_factory,100,30,0.613267,0.020178
RPL-MRHOF,indoor_factory,200,30,0.609773,0.01342
RPL-MRHOF,indoor_factory,300,30,0.60844,0.009194
RPL-MRHOF,indoor_factory,500,30,0.608133,0.007098
RPL-MRHOF,indoor_factory,800,30,0.6107,0.006888
RPL-MRHOF,indoor_factory,1000,30,0.61002,0.005531
RPL-MRHOF,indoor_office,50,30,0.999993,2.5e-05
RPL-MRHOF,indoor_office,100,30,1.0,0.0
RPL-MRHOF,indoor_office,200,30,1.0,0.0
RPL-MRHOF,indoor_office,300,30,1.0,0.0
RPL-MRHOF,indoor_office,500,30,1.0,0.0
RPL-MRHOF,indoor_office,800,30,1.0,0.0
RPL-MRHOF,indoor_office,1000,30,1.0,0.0
RPL-MRHOF,outdoor_suburban,50,30,0.769613,0.022288
RPL-MRHOF,outdoor_suburban,100,30,0.77129,0.01513
RPL-MRHOF,outdoor_suburban,200,30,0.77021,0.010719
RPL-MRHOF,outdoor_suburban,300,30,0.76828,0.007554
RPL-MRHOF,outdoor_suburban,500,30,0.768453,0.005846
RPL-MRHOF,outdoor_suburban,800,30,0.7705,0.005389
RPL-MRHOF,outdoor_suburban,1000,30,0.769773,0.004444
RPL-MRHOF,outdoor_urban,50,30,0.256497,0.032066
RPL-MRHOF,outdoor_urban,100,30,0.263417,0.019613
RPL-MRHOF,outdoor_urban,200,30,0.259287,0.015148
RPL-MRHOF,outdoor_urban,300,30,0.258807,0.010403
RPL-MRHOF,outdoor_urban,500,30,0.258037,0.008204
RPL-MRHOF,outdoor_urban,800,30,0.25986,0.007366
RPL-MRHOF,outdoor_urban,1000,30,0.259963,0.005383
TEEN,indoor_factory,50,30,0.361343,0.018624
TEEN,indoor_factory,100,30,0.370067,0.013552
TEEN,indoor_factory,200,30,0.36227,0.008023
TEEN,indoor_factory,300,30,0.362467,0.005617
TEEN,indoor_factory,500,30,0.35759,0.005082
TEEN,indoor_factory,800,30,0.35964,0.004358
TEEN,indoor_factory,1000,30,0.35747,0.003477
TEEN,indoor_office,50,30,0.61582,0.004796
TEEN,indoor_office,100,30,0.628653,0.002499
TEEN,indoor_office,200,30,0.619693,0.001523
TEEN,indoor_office,300,30,0.621377,0.002155
TEEN,indoor_office,500,30,0.61256,0.001984
TEEN,indoor_office,800,30,0.614493,0.001831
TEEN,indoor_office,1000,30,0.610727,0.00169
TEEN,outdoor_suburban,50,30,0.469377,0.015204
TEEN,outdoor_suburban,100,30,0.479727,0.010897
TEEN,outdoor_suburban,200,30,0.471367,0.00638
TEEN,outdoor_suburban,300,30,0.471917,0.004774
TEEN,outdoor_suburban,500,30,0.465347,0.004037
TEEN,outdoor_suburban,800,30,0.46772,0.003506
TEEN,outdoor_suburban,1000,30,0.464883,0.003153
TEEN,outdoor_urban,50,30,0.129327,0.016765
TEEN,outdoor_urban,100,30,0.133887,0.01112
TEEN,outdoor_urban,200,30,0.129553,0.007027
TEEN,outdoor_urban,300,30,0.129593,0.005448
TEEN,outdoor_urban,500,30,0.127333,0.004597
TEEN,outdoor_urban,800,30,0.128007,0.003753
TEEN,outdoor_urban,1000,30,0.127493,0.002927
