environment,num_nodes,baseline,aeris_mean,baseline_mean,diff,hedges_g,t_stat,p_raw,p_holm,significant_005
indoor_factory,50,CTP,0.612737,0.607337,0.0054,0.209454,0.821887,0.4111414672575832,1.0,NO
indoor_factory,50,HEED,0.612737,0.518307,0.09443,4.190888,16.444808,9.137373272827024e-61,5.573797696424484e-59,YES
indoor_factory,50,LEACH,0.612737,0.534243,0.078493,3.246405,12.73871,3.603007451293906e-37,1.873563874672831e-35,YES
indoor_factory,50,PEGASIS,0.612737,0.346087,0.26665,7.878436,30.914538,7.61782659170853e-210,6.094261273366824e-208,YES
indoor_factory,50,RPL-MRHOF,0.612737,0.610393,0.002343,0.090864,0.356544,0.721433248485415,1.0,NO
indoor_factory,50,TEEN,0.612737,0.361343,0.251393,12.253429,48.081765,0.0,0.0,YES
indoor_factory,100,CTP,0.600233,0.61029,-0.010057,-0.58466,-2.294172,0.021780607352751818,0.28314789558577363,NO
indoor_factory,100,HEED,0.600233,0.526443,0.07379,4.938263,19.377466,1.195930148522204e-83,7.773545965394326e-82,YES
indoor_factory,100,LEACH,0.600233,0.53363,0.066603,4.189708,16.440179,9.862684514748002e-61,5.917610708848801e-59,YES
indoor_factory,100,PEGASIS,0.600233,0.337733,0.2625,9.329538,36.608583,2.0885099976748096e-293,1.9005440978840766e-291,YES
indoor_factory,100,RPL-MRHOF,0.600233,0.613267,-0.013033,-0.749497,-2.940984,0.0032717098015850473,0.05889077642853085,NO
indoor_factory,100,TEEN,0.600233,0.370067,0.230167,16.800779,65.92531,0.0,0.0,YES
indoor_factory,200,CTP,0.596287,0.606587,-0.0103,-0.83353,-3.270725,0.0010727207194420154,0.022527135108282324,YES
indoor_factory,200,HEED,0.596287,0.519693,0.076593,7.029751,27.584347,1.714754812894995e-167,1.286066109671246e-165,YES
indoor_factory,200,LEACH,0.596287,0.528753,0.067533,5.552241,21.78668,3.1035133737938386e-105,2.172459361655687e-103,YES
indoor_factory,200,PEGASIS,0.596287,0.390013,0.206273,4.285163,16.81474,1.9032705912950517e-63,1.1990604725158826e-61,YES
indoor_factory,200,RPL-MRHOF,0.596287,0.609773,-0.013487,-1.087846,-4.268645,1.9666424389181262e-05,0.0005506598828970753,YES
indoor_factory,200,TEEN,0.596287,0.36227,0.234017,24.097834,94.558542,0.0,0.0,YES
indoor_factory,300,CTP,0.59567,0.604343,-0.008673,-1.068081,-4.191088,2.7762013489715034e-05,0.0007218123507325909,YES
indoor_factory,300,HEED,0.59567,0.518423,0.077247,9.824041,38.548984,0.0,0.0,YES
indoor_factory,300,LEACH,0.59567,0.524893,0.070777,8.366935,32.831383,2.1003929481587644e-236,1.764330076453362e-234,YES
indoor_factory,300,PEGASIS,0.59567,0.38722,0.20845,4.943575,19.398311,7.974851098484862e-84,5.2634017250000093e-82,YES
indoor_factory,300,RPL-MRHOF,0.59567,0.60844,-0.01277,-1.527094,-5.99223,2.0698263133911444e-09,7.45137472820812e-08,YES
indoor_factory,300,TEEN,0.59567,0.362467,0.233203,35.671927,139.974631,0.0,0.0,YES
indoor_factory,500,CTP,0.593043,0.603747,-0.010703,-1.514607,-5.943231,2.794580372349409e-09,9.781031303222932e-08,YES
indoor_factory,500,HEED,0.593043,0.51831,0.074733,10.758536,42.21589,0.0,0.0,YES
indoor_factory,500,LEACH,0.593043,0.524027,0.069017,9.737249,38.208416,2.0413e-319,1.898392e-317,YES
indoor_factory,500,PEGASIS,0.593043,0.383673,0.20937,4.851779,19.038106,8.245527187815762e-81,5.2771374002020875e-79,YES
indoor_factory,500,RPL-MRHOF,0.593043,0.608133,-0.01509,-2.205757,-8.655264,4.917704587075742e-18,2.0654359265718117e-16,YES
indoor_factory,500,TEEN,0.593043,0.35759,0.235453,40.26221,157.986644,0.0,0.0,YES
indoor_factory,800,CTP,0.593947,0.60578,-0.011833,-1.904705,-7.473957,7.781878889638857e-14,3.112751555855543e-12,YES
indoor_factory,800,HEED,0.593947,0.518147,0.0758,13.840795,54.310498,0.0,0.0,YES
indoor_factory,800,LEACH,0.593947,0.524977,0.06897,11.84264,46.469853,0.0,0.0,YES
indoor_factory,800,PEGASIS,0.593947,0.33565,0.258297,11.052799,43.370561,0.0,0.0,YES
indoor_factory,800,RPL-MRHOF,0.593947,0.6107,-0.016753,-2.68762,-10.546071,5.296569509869578e-26,2.595319059836093e-24,YES
indoor_factory,800,TEEN,0.593947,0.35964,0.234307,47.580095,186.701611,0.0,0.0,YES
indoor_factory,1000,CTP,0.592153,0.60497,-0.012817,-2.513203,-9.861665,6.102858686411777e-23,2.868343582613535e-21,YES
indoor_factory,1000,HEED,0.592153,0.518893,0.07326,16.236905,63.712701,0.0,0.0,YES
indoor_factory,1000,LEACH,0.592153,0.525947,0.066207,13.519812,53.05098,0.0,0.0,YES
indoor_factory,1000,PEGASIS,0.592153,0.33243,0.259723,8.868371,34.798989,2.519449034457428e-265,2.1415316792888138e-263,YES
indoor_factory,1000,RPL-MRHOF,0.592153,0.61002,-0.017867,-3.537871,-13.882406,8.097935090841563e-44,4.534843650871275e-42,YES
indoor_factory,1000,TEEN,0.592153,0.35747,0.234683,58.658343,230.172033,0.0,0.0,YES
indoor_office,50,CTP,0.93624,0.999993,-0.063753,-20.838431,-81.76883,0.0,0.0,YES
indoor_office,50,HEED,0.93624,0.865763,0.070477,11.540018,45.282382,0.0,0.0,YES
indoor_office,50,LEACH,0.93624,0.923073,0.013167,2.408964,9.452638,3.3039741538127473e-21,1.4867883692157364e-19,YES
indoor_office,50,PEGASIS,0.93624,0.99999,-0.06375,-20.837178,-81.76391,0.0,0.0,YES
indoor_office,50,RPL-MRHOF,0.93624,0.999993,-0.063753,-20.838431,-81.76883,0.0,0.0,YES
indoor_office,50,TEEN,0.93624,0.61582,0.32042,69.648646,273.297363,0.0,0.0,YES
indoor_office,100,CTP,0.920363,1.0,-0.079637,-39.650577,-155.586629,0.0,0.0,YES
indoor_office,100,HEED,0.920363,0.87648,0.043883,9.375038,36.787122,2.9663553866892006e-296,2.7290469557540646e-294,YES
indoor_office,100,LEACH,0.920363,0.919467,0.000897,0.190037,0.745695,0.45585158697206357,1.0,NO
indoor_office,100,PEGASIS,0.920363,0.999973,-0.07961,-39.621774,-155.473607,0.0,0.0,YES
indoor_office,100,RPL-MRHOF,0.920363,1.0,-0.079637,-39.650577,-155.586629,0.0,0.0,YES
indoor_office,100,TEEN,0.920363,0.628653,0.29171,108.42105,425.438091,0.0,0.0,YES
indoor_office,200,CTP,0.916563,1.0,-0.083437,-37.197459,-145.960733,0.0,0.0,YES
indoor_office,200,HEED,0.916563,0.871357,0.045207,11.301725,44.347331,0.0,0.0,YES
indoor_office,200,LEACH,0.916563,0.915217,0.001347,0.325728,1.278139,0.20120042186407466,1.0,NO
indoor_office,200,PEGASIS,0.916563,0.999923,-0.08336,-37.140185,-145.735993,0.0,0.0,YES
indoor_office,200,RPL-MRHOF,0.916563,1.0,-0.083437,-37.197459,-145.960733,0.0,0.0,YES
indoor_office,200,TEEN,0.916563,0.619693,0.29687,119.010683,466.991215,0.0,0.0,YES
indoor_office,300,CTP,0.915547,1.0,-0.084453,-35.259611,-138.356728,0.0,0.0,YES
indoor_office,300,HEED,0.915547,0.870813,0.044733,9.277233,36.403341,3.769156444910117e-290,3.392240800419106e-288,YES
indoor_office,300,LEACH,0.915547,0.91036,0.005187,1.027551,4.032051,5.529213378737106e-05,0.0013823033446842764,YES
indoor_office,300,PEGASIS,0.915547,0.999843,-0.084297,-35.159853,-137.965284,0.0,0.0,YES
indoor_office,300,RPL-MRHOF,0.915547,1.0,-0.084453,-35.259611,-138.356728,0.0,0.0,YES
indoor_office,300,TEEN,0.915547,0.621377,0.29417,103.22425,405.046141,0.0,0.0,YES
indoor_office,500,CTP,0.913567,1.0,-0.086433,-39.75949,-156.014,0.0,0.0,YES
indoor_office,500,HEED,0.913567,0.87008,0.043487,12.569888,49.323534,0.0,0.0,YES
indoor_office,500,LEACH,0.913567,0.90924,0.004327,0.921365,3.615383,0.0002999042515416952,0.007197702037000686,YES
indoor_office,500,PEGASIS,0.913567,0.99971,-0.086143,-39.53094,-155.11718,0.0,0.0,YES
indoor_office,500,RPL-MRHOF,0.913567,1.0,-0.086433,-39.75949,-156.014,0.0,0.0,YES
indoor_office,500,TEEN,0.913567,0.61256,0.301007,115.896808,454.772542,0.0,0.0,YES
indoor_office,800,CTP,0.91346,1.0,-0.08654,-40.990296,-160.843611,0.0,0.0,YES
indoor_office,800,HEED,0.91346,0.86807,0.04539,12.768066,50.101173,0.0,0.0,YES
indoor_office,800,LEACH,0.91346,0.90837,0.00509,1.077649,4.228633,2.3511592265737883e-05,0.0006348129911749229,YES
indoor_office,800,PEGASIS,0.91346,0.99918,-0.08572,-40.455345,-158.744495,0.0,0.0,YES
indoor_office,800,RPL-MRHOF,0.91346,1.0,-0.08654,-40.990296,-160.843611,0.0,0.0,YES
indoor_office,800,TEEN,0.91346,0.614493,0.298967,120.27575,471.955266,0.0,0.0,YES
indoor_office,1000,CTP,0.9134,1.0,-0.0866,-46.310905,-181.721381,0.0,0.0,YES
indoor_office,1000,HEED,0.9134,0.869247,0.044153,11.703753,45.924869,0.0,0.0,YES
indoor_office,1000,LEACH,0.9134,0.910577,0.002823,0.630083,2.472411,0.013420496118482644,0.1956400372095901,NO
indoor_office,1000,PEGASIS,0.9134,0.9988,-0.0854,-45.355774,-177.9735,0.0,0.0,YES
indoor_office,1000,RPL-MRHOF,0.9134,1.0,-0.0866,-46.310905,-181.721381,0.0,0.0,YES
indoor_office,1000,TEEN,0.9134,0.610727,0.302673,135.860146,533.107557,0.0,0.0,YES
outdoor_suburban,50,CTP,0.79199,0.768733,0.023257,1.268339,4.97689,6.461407749783714e-07,2.1322645574286256e-05,YES
outdoor_suburban,50,HEED,0.79199,0.669193,0.122797,8.343868,32.740867,4.0958726344285415e-235,3.358615560231404e-233,YES
outdoor_suburban,50,LEACH,0.79199,0.697353,0.094637,5.62067,22.055191,8.517099795562455e-108,6.047140854849343e-106,YES
outdoor_suburban,50,PEGASIS,0.79199,0.62526,0.16673,5.221533,20.489003,2.698634115439916e-93,1.8080848573447437e-91,YES
outdoor_suburban,50,RPL-MRHOF,0.79199,0.769613,0.022377,1.216729,4.774374,1.802667222611441e-06,5.588268390095467e-05,YES
outdoor_suburban,50,TEEN,0.79199,0.469377,0.322613,22.705007,89.093168,0.0,0.0,YES
outdoor_suburban,100,CTP,0.777387,0.770897,0.00649,0.515553,2.023001,0.04307301532624346,0.4738031685886781,NO
outdoor_suburban,100,HEED,0.777387,0.67754,0.099847,9.262292,36.344711,3.185163518303218e-289,2.834795531289864e-287,YES
outdoor_suburban,100,LEACH,0.777387,0.694553,0.082833,7.041236,27.629414,4.933486937897408e-168,3.7494500728020304e-166,YES
outdoor_suburban,100,PEGASIS,0.777387,0.621243,0.156143,5.99717,23.532557,1.894170612876562e-122,1.3638028412711246e-120,YES
outdoor_suburban,100,RPL-MRHOF,0.777387,0.77129,0.006097,0.496851,1.949616,0.05122194058906542,0.5122194058906542,NO
outdoor_suburban,100,TEEN,0.777387,0.479727,0.29766,30.69925,120.462127,0.0,0.0,YES
outdoor_suburban,200,CTP,0.7741,0.768347,0.005753,0.640494,2.513263,0.011962009178618258,0.19139214685789213,NO
outdoor_suburban,200,HEED,0.7741,0.671963,0.102137,14.330962,56.233888,0.0,0.0,YES
outdoor_suburban,200,LEACH,0.7741,0.690953,0.083147,9.258681,36.330542,5.3320381079860035e-289,4.692193535027683e-287,YES
outdoor_suburban,200,PEGASIS,0.7741,0.663167,0.110933,2.498292,9.803158,1.0911919583866996e-22,5.019483008578818e-21,YES
outdoor_suburban,200,RPL-MRHOF,0.7741,0.77021,0.00389,0.439631,1.725088,0.0845116951402877,0.7606052562625892,NO
outdoor_suburban,200,TEEN,0.7741,0.471367,0.302733,47.737305,187.318497,0.0,0.0,YES
outdoor_suburban,300,CTP,0.77243,0.767,0.00543,0.842976,3.307789,0.0009403571821696061,0.020687858007731333,YES
outdoor_suburban,300,HEED,0.77243,0.67048,0.10195,15.85432,62.211458,0.0,0.0,YES
outdoor_suburban,300,LEACH,0.77243,0.6856,0.08683,11.944323,46.868851,0.0,0.0,YES
outdoor_suburban,300,PEGASIS,0.77243,0.639897,0.132533,3.282426,12.880054,5.829438592064107e-38,3.1478968397146176e-36,YES
outdoor_suburban,300,RPL-MRHOF,0.77243,0.76828,0.00415,0.63268,2.482602,0.013042669147306007,0.1956400372095901,NO
outdoor_suburban,300,TEEN,0.77243,0.471917,0.300513,59.581038,233.792635,0.0,0.0,YES
outdoor_suburban,500,CTP,0.770133,0.766627,0.003507,0.706554,2.772477,0.005563141610143259,0.0945734073724354,NO
outdoor_suburban,500,HEED,0.770133,0.670287,0.099847,18.337912,71.956935,0.0,0.0,YES
outdoor_suburban,500,LEACH,0.770133,0.684873,0.08526,14.898311,58.460131,0.0,0.0,YES
outdoor_suburban,500,PEGASIS,0.770133,0.617417,0.152717,3.784191,14.848953,7.066412092832227e-50,4.1691831347710137e-48,YES
outdoor_suburban,500,RPL-MRHOF,0.770133,0.768453,0.00168,0.332039,1.302904,0.19260746247963964,1.0,NO
outdoor_suburban,500,TEEN,0.770133,0.465347,0.304787,75.211909,295.127291,0.0,0.0,YES
outdoor_suburban,800,CTP,0.771247,0.768643,0.002603,0.546424,2.144137,0.032021909635607824,0.38426291562729387,NO
outdoor_suburban,800,HEED,0.771247,0.669797,0.10145,24.600778,96.532066,0.0,0.0,YES
outdoor_suburban,800,LEACH,0.771247,0.68588,0.085367,17.732989,69.583249,0.0,0.0,YES
outdoor_suburban,800,PEGASIS,0.771247,0.561837,0.20941,9.043268,35.485274,8.293184085074838e-276,7.132138313164361e-274,YES
outdoor_suburban,800,RPL-MRHOF,0.771247,0.7705,0.000747,0.156647,0.614675,0.5387695391777266,1.0,NO
outdoor_suburban,800,TEEN,0.771247,0.46772,0.303527,80.771613,316.94326,0.0,0.0,YES
outdoor_suburban,1000,CTP,0.769657,0.768117,0.00154,0.38272,1.501772,0.13315588377560053,1.0,NO
outdoor_suburban,1000,HEED,0.769657,0.67042,0.099237,25.662609,100.698632,0.0,0.0,YES
outdoor_suburban,1000,LEACH,0.769657,0.6873,0.082357,18.141244,71.185218,0.0,0.0,YES
outdoor_suburban,1000,PEGASIS,0.769657,0.555723,0.213933,7.093252,27.833521,1.705215869599754e-170,1.3130162195918105e-168,YES
outdoor_suburban,1000,RPL-MRHOF,0.769657,0.769773,-0.000117,-0.029362,-0.115214,0.9082752654102564,1.0,NO
outdoor_suburban,1000,TEEN,0.769657,0.464883,0.304773,92.945434,364.712645,0.0,0.0,YES
outdoor_urban,50,CTP,0.209723,0.24727,-0.037547,-1.228666,-4.821215,1.4268652409271438e-06,4.56596877096686e-05,YES
outdoor_urban,50,HEED,0.209723,0.18983,0.019893,0.823182,3.230121,0.0012373783412619392,0.024747566825238786,YES
outdoor_urban,50,LEACH,0.209723,0.189767,0.019957,0.812793,3.189353,0.001425915651426845,0.027092397377110056,YES
outdoor_urban,50,PEGASIS,0.209723,0.046543,0.16318,8.344348,32.742752,3.850470717822313e-235,3.19589069579252e-233,YES
outdoor_urban,50,RPL-MRHOF,0.209723,0.256497,-0.046773,-1.595737,-6.261581,3.8109457985885466e-10,1.4100499454777623e-08,YES
outdoor_urban,50,TEEN,0.209723,0.129327,0.080397,3.686229,14.464555,2.0291344495618885e-47,1.1566066362502764e-45,YES
outdoor_urban,100,CTP,0.20594,0.2545,-0.04856,-2.936755,-11.523661,1.002585660249052e-30,5.01292830124526e-29,YES
outdoor_urban,100,HEED,0.20594,0.193353,0.012587,0.888703,3.48722,0.00048806903244252343,0.011225587746178038,YES
outdoor_urban,100,LEACH,0.20594,0.18985,0.01609,1.102726,4.327034,1.5113061285162326e-05,0.0004382787772697075,YES
outdoor_urban,100,PEGASIS,0.20594,0.040847,0.165093,14.326937,56.218095,0.0,0.0,YES
outdoor_urban,100,RPL-MRHOF,0.20594,0.263417,-0.057477,-3.298031,-12.941287,2.6318481911035205e-38,1.4475165051069363e-36,YES
outdoor_urban,100,TEEN,0.20594,0.133887,0.072053,5.530239,21.700346,2.036235855437092e-104,1.4050027402515936e-102,YES
outdoor_urban,200,CTP,0.20159,0.252157,-0.050567,-3.720129,-14.597577,2.910072785569824e-48,1.6878422156304978e-46,YES
outdoor_urban,200,HEED,0.20159,0.18848,0.01311,1.190463,4.671309,2.992864413492604e-06,8.978593240477812e-05,YES
outdoor_urban,200,LEACH,0.20159,0.18665,0.01494,1.318304,5.172949,2.3042809001892103e-07,7.834555060643315e-06,YES
outdoor_urban,200,PEGASIS,0.20159,0.034807,0.166783,18.902496,74.172331,0.0,0.0,YES
outdoor_urban,200,RPL-MRHOF,0.20159,0.259287,-0.057697,-4.235139,-16.618449,5.1241512143559085e-62,3.176973752900663e-60,YES
outdoor_urban,200,TEEN,0.20159,0.129553,0.072037,7.463313,29.285619,1.581258377584891e-188,1.2333815345162149e-186,YES
outdoor_urban,300,CTP,0.201273,0.25164,-0.050367,-5.292666,-20.768122,8.408245116463248e-96,5.717606679195009e-94,YES
outdoor_urban,300,HEED,0.201273,0.188053,0.01322,1.59959,6.276703,3.4582838595688003e-10,1.314147866636144e-08,YES
outdoor_urban,300,LEACH,0.201273,0.18502,0.016253,2.013821,7.902119,2.7420229398718422e-15,1.1242294053474554e-13,YES
outdoor_urban,300,PEGASIS,0.201273,0.036247,0.165027,18.696715,73.364857,0.0,0.0,YES
outdoor_urban,300,RPL-MRHOF,0.201273,0.258807,-0.057533,-6.007091,-23.571488,7.559675234052925e-123,5.5185629208586345e-121,YES
outdoor_urban,300,TEEN,0.201273,0.129593,0.07168,9.996651,39.226294,0.0,0.0,YES
outdoor_urban,500,CTP,0.1997,0.251173,-0.051473,-6.856439,-26.904281,1.9570116529911654e-159,1.4481886232134624e-157,YES
outdoor_urban,500,HEED,0.1997,0.187897,0.011803,1.815606,7.124337,1.0458306163371608e-12,4.0787394037149266e-11,YES
outdoor_urban,500,LEACH,0.1997,0.184407,0.015293,2.339688,9.180803,4.278880503175206e-20,1.8399186163653385e-18,YES
outdoor_urban,500,PEGASIS,0.1997,0.02835,0.17135,17.12475,67.196554,0.0,0.0,YES
outdoor_urban,500,RPL-MRHOF,0.1997,0.258037,-0.058337,-7.756727,-30.43696,1.7824466228869936e-203,1.4081328320807249e-201,YES
outdoor_urban,500,TEEN,0.1997,0.127333,0.072367,12.623178,49.532639,0.0,0.0,YES
outdoor_urban,800,CTP,0.200063,0.252837,-0.052773,-8.113478,-31.836832,2.0028481713664722e-222,1.6223070188068425e-220,YES
outdoor_urban,800,HEED,0.200063,0.187763,0.0123,2.396237,9.402698,5.3181537336034265e-21,2.3399876427855076e-19,YES
outdoor_urban,800,LEACH,0.200063,0.18497,0.015093,2.939758,11.535445,8.743387461991916e-31,4.459127605615877e-29,YES
outdoor_urban,800,PEGASIS,0.200063,0.020193,0.17987,32.019642,125.643272,0.0,0.0,YES
outdoor_urban,800,RPL-MRHOF,0.200063,0.25986,-0.059797,-9.15424,-35.920722,1.4506327575411436e-282,1.2620504990607948e-280,YES
outdoor_urban,800,TEEN,0.200063,0.128007,0.072057,15.345654,60.215484,0.0,0.0,YES
outdoor_urban,1000,CTP,0.199247,0.25294,-0.053693,-10.659558,-41.827505,0.0,0.0,YES
outdoor_urban,1000,HEED,0.199247,0.18848,0.010767,2.581498,10.129651,4.0810422651232196e-24,1.9589002872591455e-22,YES
outdoor_urban,1000,LEACH,0.199247,0.18555,0.013697,3.248374,12.746437,3.2632167542297064e-37,1.7295048797417443e-35,YES
outdoor_urban,1000,PEGASIS,0.199247,0.02093,0.178317,26.106068,102.438739,0.0,0.0,YES
outdoor_urban,1000,RPL-MRHOF,0.199247,0.259963,-0.060717,-12.166861,-47.742077,0.0,0.0,YES
outdoor_urban,1000,TEEN,0.199247,0.127493,0.071753,18.890725,74.126142,0.0,0.0,YES
