environment,num_nodes,variant,full_mean,variant_mean,delta_points,full_std,variant_std,n,hedges_g,t_stat,p_raw,p_holm,significant_005
indoor_factory,50,AERIS-noGW,0.605287,0.553027,-5.226,0.02258,0.025438,30,2.144619,8.415363,3.916806815525906e-17,2.5067563619365798e-15,YES
indoor_factory,50,AERIS-noCAS,0.605287,0.610017,0.473,0.02258,0.021134,30,-0.213479,-0.837679,0.4022112245390161,1.0,NO
indoor_factory,50,AERIS-noFair,0.605287,0.60658,0.1293,0.02258,0.02199,30,-0.057277,-0.224753,0.8221711133468678,1.0,NO
indoor_factory,100,AERIS-noGW,0.603807,0.538263,-6.5543,0.013372,0.018738,30,3.974211,15.594581,7.92418419604767e-55,5.388445253312416e-53,YES
indoor_factory,100,AERIS-noCAS,0.603807,0.60064,-0.3167,0.013372,0.014793,30,0.221663,0.869791,0.38441441329672876,1.0,NO
indoor_factory,100,AERIS-noFair,0.603807,0.600343,-0.3463,0.013372,0.013468,30,0.254715,0.999487,0.31755901262968866,1.0,NO
indoor_factory,200,AERIS-noGW,0.595107,0.535933,-5.9173,0.008133,0.012343,30,5.587763,21.926068,1.4655812929184848e-106,1.069874343830494e-104,YES
indoor_factory,200,AERIS-noCAS,0.595107,0.598837,0.373,0.008133,0.011424,30,-0.371268,-1.456835,0.1451619354631909,1.0,NO
indoor_factory,200,AERIS-noFair,0.595107,0.59433,-0.0777,0.008133,0.008879,30,0.090035,0.353291,0.7238700954161598,1.0,NO
indoor_factory,300,AERIS-noGW,0.594273,0.53468,-5.9593,0.007116,0.011676,30,6.083469,23.87119,6.102173131923265e-126,4.5156081176232155e-124,YES
indoor_factory,300,AERIS-noCAS,0.594273,0.593167,-0.1107,0.007116,0.007056,30,0.154151,0.604881,0.5452580779522549,1.0,NO
indoor_factory,300,AERIS-noFair,0.594273,0.595207,0.0933,0.007116,0.007749,30,-0.123833,-0.485912,0.6270295817252536,1.0,NO
indoor_factory,500,AERIS-noGW,0.5933,0.537553,-5.5747,0.005488,0.008055,30,7.983683,31.327521,1.9693445858081683e-215,1.4967018852142078e-213,YES
indoor_factory,500,AERIS-noCAS,0.5933,0.59318,-0.012,0.005488,0.006364,30,0.019933,0.078215,0.9376570528113757,1.0,NO
indoor_factory,500,AERIS-noFair,0.5933,0.59852,0.522,0.005488,0.007294,30,-0.798256,-3.13231,0.001734365119707221,0.08671825598536105,NO
indoor_factory,800,AERIS-noGW,0.593863,0.536383,-5.748,0.004754,0.005913,30,10.574985,41.495644,0.0,0.0,YES
indoor_factory,800,AERIS-noCAS,0.593863,0.59451,0.0647,0.004754,0.005887,30,-0.119291,-0.468092,0.6397185373914613,1.0,NO
indoor_factory,800,AERIS-noFair,0.593863,0.592967,-0.0897,0.004754,0.00491,30,0.183138,0.718624,0.4723726040069612,1.0,NO
indoor_factory,1000,AERIS-noGW,0.592643,0.534873,-5.777,0.003636,0.005801,30,11.778565,46.218425,0.0,0.0,YES
indoor_factory,1000,AERIS-noCAS,0.592643,0.59301,0.0367,0.003636,0.005008,30,-0.082704,-0.324525,0.745540585357503,1.0,NO
indoor_factory,1000,AERIS-noFair,0.592643,0.593077,0.0433,0.003636,0.004824,30,-0.100137,-0.392932,0.6943700648815616,1.0,NO
indoor_office,50,AERIS-noGW,0.935957,0.936953,0.0997,0.002252,0.003779,30,-0.316235,-1.240886,0.21464771434770513,1.0,NO
indoor_office,50,AERIS-noCAS,0.935957,0.954833,1.8877,0.002252,0.002213,30,-8.346377,-32.750711,2.966286929409546e-235,2.2840409356453504e-233,YES
indoor_office,50,AERIS-noFair,0.935957,0.93676,0.0803,0.002252,0.003569,30,-0.265712,-1.042641,0.2971147180951224,1.0,NO
indoor_office,100,AERIS-noGW,0.921547,0.920643,-0.0903,0.004326,0.004056,30,0.212628,0.834342,0.40408826957259597,1.0,NO
indoor_office,100,AERIS-noCAS,0.921547,0.93684,1.5293,0.004326,0.003217,30,-3.959863,-15.53828,1.910412523292495e-54,1.2799763906059716e-52,YES
indoor_office,100,AERIS-noFair,0.921547,0.92162,0.0073,0.004326,0.0034,30,-0.018603,-0.072998,0.9418074183234835,1.0,NO
indoor_office,200,AERIS-noGW,0.91737,0.916953,-0.0417,0.003251,0.002394,30,0.144054,0.565259,0.5718976273777581,1.0,NO
indoor_office,200,AERIS-noCAS,0.91737,0.93251,1.514,0.003251,0.002381,30,-5.244932,-20.580819,4.0773068915440504e-94,2.9356609619117162e-92,YES
indoor_office,200,AERIS-noFair,0.91737,0.91657,-0.08,0.003251,0.002887,30,0.256859,1.0079,0.3135025942352367,1.0,NO
indoor_office,300,AERIS-noGW,0.91598,0.915463,-0.0517,0.003256,0.002833,30,0.167089,0.655646,0.512051741693053,1.0,NO
indoor_office,300,AERIS-noCAS,0.91598,0.926413,1.0433,0.003256,0.002561,30,-3.515402,-13.794238,2.760530892584436e-43,1.8219503891057277e-41,YES
indoor_office,300,AERIS-noFair,0.91598,0.915927,-0.0053,0.003256,0.003544,30,0.015468,0.060695,0.9516018156406147,1.0,NO
indoor_office,500,AERIS-noGW,0.91214,0.912267,0.0127,0.00319,0.003093,30,-0.039794,-0.15615,0.8759146950225023,1.0,NO
indoor_office,500,AERIS-noCAS,0.91214,0.926057,1.3917,0.00319,0.002146,30,-5.052457,-19.825556,1.7919091942392186e-87,1.2722555279098453e-85,YES
indoor_office,500,AERIS-noFair,0.91214,0.913523,0.1383,0.00319,0.003777,30,-0.390571,-1.532579,0.12537961249024698,1.0,NO
indoor_office,800,AERIS-noGW,0.91263,0.913917,0.1287,0.003023,0.002756,30,-0.439077,-1.722912,0.08490437121856825,1.0,NO
indoor_office,800,AERIS-noCAS,0.91263,0.92713,1.45,0.003023,0.003168,30,-4.622125,-18.136958,1.627948689462737e-73,1.1395640826239158e-71,YES
indoor_office,800,AERIS-noFair,0.91263,0.913447,0.0817,0.003023,0.003389,30,-0.251013,-0.98496,0.3246439331644435,1.0,NO
indoor_office,1000,AERIS-noGW,0.914037,0.913753,-0.0283,0.003653,0.002833,30,0.085554,0.335711,0.7370891253016605,1.0,NO
indoor_office,1000,AERIS-noCAS,0.914037,0.923483,0.9447,0.003653,0.002324,30,-3.045756,-11.951377,6.385854656642658e-33,4.150805526817728e-31,YES
indoor_office,1000,AERIS-noFair,0.914037,0.912733,-0.1303,0.003653,0.002983,30,0.385787,1.513806,0.13007509206626316,1.0,NO
outdoor_suburban,50,AERIS-noGW,0.78731,0.715553,-7.1757,0.012107,0.02078,30,4.164709,16.342083,4.953102233974562e-60,3.417640541442448e-58,YES
outdoor_suburban,50,AERIS-noCAS,0.78731,0.799457,1.2147,0.012107,0.013019,30,-0.953691,-3.742231,0.00018239375750755848,0.0096668691479006,YES
outdoor_suburban,50,AERIS-noFair,0.78731,0.78709,-0.022,0.012107,0.012262,30,0.017821,0.069929,0.9442500597438804,1.0,NO
outdoor_suburban,100,AERIS-noGW,0.78005,0.700387,-7.9663,0.008494,0.015872,30,6.176905,24.237827,8.886415726275257e-130,6.664811794706443e-128,YES
outdoor_suburban,100,AERIS-noCAS,0.78005,0.786103,0.6053,0.008494,0.008915,30,-0.686174,-2.692508,0.0070916854540112794,0.3404009017925414,NO
outdoor_suburban,100,AERIS-noFair,0.78005,0.777673,-0.2377,0.008494,0.007061,30,0.300326,1.178464,0.23861176768496087,1.0,NO
outdoor_suburban,200,AERIS-noGW,0.773263,0.695537,-7.7727,0.005787,0.009753,30,9.566539,37.538561,2.165295490217018e-308,1.688930482369274e-306,YES
outdoor_suburban,200,AERIS-noCAS,0.773263,0.782993,0.973,0.005787,0.006842,30,-1.515587,-5.947079,2.729692132441661e-09,1.6378152794649966e-07,YES
outdoor_suburban,200,AERIS-noFair,0.773263,0.772643,-0.062,0.005787,0.005194,30,0.111295,0.436715,0.6623181159752749,1.0,NO
outdoor_suburban,300,AERIS-noGW,0.772147,0.69448,-7.7667,0.004062,0.01029,30,9.799301,38.451907,2e-323,1.56e-321,YES
outdoor_suburban,300,AERIS-noCAS,0.772147,0.776637,0.449,0.004062,0.004238,30,-1.067717,-4.18966,2.793723516216499e-05,0.0015644851690812395,YES
outdoor_suburban,300,AERIS-noFair,0.772147,0.771683,-0.0463,0.004062,0.004581,30,0.10563,0.414487,0.6785173091346686,1.0,NO
outdoor_suburban,500,AERIS-noGW,0.768987,0.695883,-7.3103,0.004322,0.006109,30,13.635408,53.504574,0.0,0.0,YES
outdoor_suburban,500,AERIS-noCAS,0.768987,0.776593,0.7607,0.004322,0.004277,30,-1.746138,-6.851746,7.29539768760297e-12,4.523146566313842e-10,YES
outdoor_suburban,500,AERIS-noFair,0.768987,0.772797,0.381,0.004322,0.00458,30,-0.844502,-3.313779,0.0009204424413833187,0.047863006951932574,YES
outdoor_suburban,800,AERIS-noGW,0.770593,0.694817,-7.5777,0.003311,0.005459,30,16.56635,65.005422,0.0,0.0,YES
outdoor_suburban,800,AERIS-noCAS,0.770593,0.777737,0.7143,0.003311,0.004238,30,-1.854008,-7.275023,3.4636223750480443e-13,2.182082096280268e-11,YES
outdoor_suburban,800,AERIS-noFair,0.770593,0.77005,-0.0543,0.003311,0.00386,30,0.149123,0.585151,0.5584459397925645,1.0,NO
outdoor_suburban,1000,AERIS-noGW,0.769537,0.69452,-7.5017,0.004047,0.004414,30,17.484843,68.609539,0.0,0.0,YES
outdoor_suburban,1000,AERIS-noCAS,0.769537,0.775233,0.5697,0.004047,0.00357,30,-1.473442,-5.781704,7.394782657301839e-09,4.362921767808085e-07,YES
outdoor_suburban,1000,AERIS-noFair,0.769537,0.769153,-0.0383,0.004047,0.003378,30,0.101501,0.398285,0.6904197673856449,1.0,NO
outdoor_urban,50,AERIS-noGW,0.204373,0.204617,0.0243,0.023203,0.021957,30,-0.010632,-0.041721,0.966720990161679,1.0,NO
outdoor_urban,50,AERIS-noCAS,0.204373,0.196547,-0.7827,0.023203,0.021165,30,0.347861,1.364987,0.17225720612080675,1.0,NO
outdoor_urban,50,AERIS-noFair,0.204373,0.20041,-0.3963,0.023203,0.025472,30,0.16056,0.630028,0.5286763587945316,1.0,NO
outdoor_urban,100,AERIS-noGW,0.20902,0.19993,-0.909,0.017197,0.01862,30,0.500593,1.964299,0.04949540983093123,1.0,NO
outdoor_urban,100,AERIS-noCAS,0.20902,0.193523,-1.5497,0.017197,0.013983,30,0.975922,3.829464,0.0001284225843489186,0.007063242139190523,YES
outdoor_urban,100,AERIS-noFair,0.20902,0.200513,-0.8507,0.017197,0.016087,30,0.504231,1.978574,0.04786403066987605,1.0,NO
outdoor_urban,200,AERIS-noGW,0.201083,0.195993,-0.509,0.008469,0.011251,30,0.504539,1.979784,0.04772781261938322,1.0,NO
outdoor_urban,200,AERIS-noCAS,0.201083,0.193867,-0.7217,0.008469,0.012552,30,0.665261,2.610445,0.009042447865571953,0.4249950496818818,NO
outdoor_urban,200,AERIS-noFair,0.201083,0.19934,-0.1743,0.008469,0.009126,30,0.195456,0.76696,0.4431053974527903,1.0,NO
outdoor_urban,300,AERIS-noGW,0.199713,0.194517,-0.5197,0.008992,0.010107,30,0.536201,2.104022,0.03537652944336936,1.0,NO
outdoor_urban,300,AERIS-noCAS,0.199713,0.19139,-0.8323,0.008992,0.008108,30,0.959549,3.765215,0.0001664055848678159,0.00898590158286206,YES
outdoor_urban,300,AERIS-noFair,0.199713,0.20029,0.0577,0.008992,0.010427,30,-0.05846,-0.229393,0.8185633530918914,1.0,NO
outdoor_urban,500,AERIS-noGW,0.19956,0.197293,-0.2267,0.006949,0.007883,30,0.301076,1.181406,0.23744135955874093,1.0,NO
outdoor_urban,500,AERIS-noCAS,0.19956,0.19135,-0.821,0.006949,0.006413,30,1.21195,4.755625,1.9783300678461665e-06,0.0001127648138672315,YES
outdoor_urban,500,AERIS-noFair,0.19956,0.205507,0.5947,0.006949,0.007193,30,-0.829979,-3.256792,0.0011267903872370102,0.05746630974908752,NO
outdoor_urban,800,AERIS-noGW,0.200083,0.196733,-0.335,0.005651,0.005397,30,0.598382,2.348018,0.01887359113108604,0.8681851920299578,NO
outdoor_urban,800,AERIS-noCAS,0.200083,0.192137,-0.7947,0.005651,0.005727,30,1.378708,5.409972,6.303476962793975e-08,3.6560166384205055e-06,YES
outdoor_urban,800,AERIS-noFair,0.200083,0.199383,-0.07,0.005651,0.00551,30,0.1238,0.485784,0.627120411352305,1.0,NO
outdoor_urban,1000,AERIS-noGW,0.200083,0.196143,-0.394,0.004416,0.005388,30,0.789389,3.097518,0.0019514847492861764,0.09562275271502264,NO
outdoor_urban,1000,AERIS-noCAS,0.200083,0.191607,-0.8477,0.004416,0.005152,30,1.743598,6.841782,7.821402489163169e-12,4.771055518389532e-10,YES
outdoor_urban,1000,AERIS-noFair,0.200083,0.20041,0.0327,0.004416,0.005178,30,-0.067004,-0.262919,0.7926130888816882,1.0,NO
