table_id,row_key,metric,manuscript,source,abs_diff,tolerance,status,source_file
tab:pdr100,indoor_office::AERIS,mean,0.9739,0.9739,0,5e-05,PASS,results\mega_experiments\env_sensitivity_20260207_205317.json
tab:pdr100,indoor_office::AERIS,std_population,0.0047,0.0047,0,5e-05,WARN,results\mega_experiments\env_sensitivity_20260207_205317.json
tab:pdr100,indoor_office::LEACH,mean,0.5543,0.5543,0,5e-05,PASS,results\mega_experiments\env_sensitivity_20260207_205317.json
tab:pdr100,indoor_office::LEACH,std_population,0.0401,0.0401,0,5e-05,WARN,results\mega_experiments\env_sensitivity_20260207_205317.json
tab:pdr100,indoor_office::PEGASIS,mean,0.9078,0.9078,0,5e-05,PASS,results\mega_experiments\env_sensitivity_20260207_205317.json
tab:pdr100,indoor_office::PEGASIS,std_population,0.0166,0.0166,0,5e-05,WARN,results\mega_experiments\env_sensitivity_20260207_205317.json
tab:pdr100,indoor_office::HEED,mean,0.9371,0.9371,0,5e-05,PASS,results\mega_experiments\env_sensitivity_20260207_205317.json
tab:pdr100,indoor_office::HEED,std_population,0.0076,0.0076,0,5e-05,WARN,results\mega_experiments\env_sensitivity_20260207_205317.json
tab:pdr100,indoor_office::TEEN,mean,0.8222,0.8222,0,5e-05,PASS,results\mega_experiments\env_sensitivity_20260207_205317.json
tab:pdr100,indoor_office::TEEN,std_population,0.0044,0.0044,0,5e-05,WARN,results\mega_experiments\env_sensitivity_20260207_205317.json
tab:pdr100,indoor_factory::AERIS,mean,0.6031,0.6031,0,5e-05,PASS,results\mega_experiments\env_sensitivity_20260207_205317.json
tab:pdr100,indoor_factory::AERIS,std_population,0.0258,0.0258,0,5e-05,WARN,results\mega_experiments\env_sensitivity_20260207_205317.json
tab:pdr100,indoor_factory::LEACH,mean,0.1614,0.1614,0,5e-05,PASS,results\mega_experiments\env_sensitivity_20260207_205317.json
tab:pdr100,indoor_factory::LEACH,std_population,0.0209,0.0209,0,5e-05,WARN,results\mega_experiments\env_sensitivity_20260207_205317.json
tab:pdr100,indoor_factory::PEGASIS,mean,0.1928,0.1928,0,5e-05,PASS,results\mega_experiments\env_sensitivity_20260207_205317.json
tab:pdr100,indoor_factory::PEGASIS,std_population,0.0255,0.0255,0,5e-05,WARN,results\mega_experiments\env_sensitivity_20260207_205317.json
tab:pdr100,indoor_factory::HEED,mean,0.2326,0.2326,0,5e-05,PASS,results\mega_experiments\env_sensitivity_20260207_205317.json
tab:pdr100,indoor_factory::HEED,std_population,0.0263,0.0263,0,5e-05,WARN,results\mega_experiments\env_sensitivity_20260207_205317.json
tab:pdr100,indoor_factory::TEEN,mean,0.3113,0.3113,0,5e-05,PASS,results\mega_experiments\env_sensitivity_20260207_205317.json
tab:pdr100,indoor_factory::TEEN,std_population,0.0245,0.0245,0,5e-05,WARN,results\mega_experiments\env_sensitivity_20260207_205317.json
tab:pdr100,outdoor_urban::AERIS,mean,0.3745,0.3745,0,5e-05,PASS,results\mega_experiments\env_sensitivity_20260207_205317.json
tab:pdr100,outdoor_urban::AERIS,std_population,0.0354,0.0354,0,5e-05,WARN,results\mega_experiments\env_sensitivity_20260207_205317.json
tab:pdr100,outdoor_urban::LEACH,mean,0.0552,0.0552,0,5e-05,PASS,results\mega_experiments\env_sensitivity_20260207_205317.json
tab:pdr100,outdoor_urban::LEACH,std_population,0.0127,0.0127,0,5e-05,WARN,results\mega_experiments\env_sensitivity_20260207_205317.json
tab:pdr100,outdoor_urban::PEGASIS,mean,0.0542,0.0542,0,5e-05,PASS,results\mega_experiments\env_sensitivity_20260207_205317.json
tab:pdr100,outdoor_urban::PEGASIS,std_population,0.0117,0.0117,0,5e-05,WARN,results\mega_experiments\env_sensitivity_20260207_205317.json
tab:pdr100,outdoor_urban::HEED,mean,0.0635,0.0635,0,5e-05,PASS,results\mega_experiments\env_sensitivity_20260207_205317.json
tab:pdr100,outdoor_urban::HEED,std_population,0.0121,0.0121,0,5e-05,WARN,results\mega_experiments\env_sensitivity_20260207_205317.json
tab:pdr100,outdoor_urban::TEEN,mean,0.1201,0.1201,0,5e-05,PASS,results\mega_experiments\env_sensitivity_20260207_205317.json
tab:pdr100,outdoor_urban::TEEN,std_population,0.0183,0.0183,0,5e-05,WARN,results\mega_experiments\env_sensitivity_20260207_205317.json
tab:pdr100,outdoor_suburban::AERIS,mean,0.7451,0.7451,0,5e-05,PASS,results\mega_experiments\env_sensitivity_20260207_205317.json
tab:pdr100,outdoor_suburban::AERIS,std_population,0.0193,0.0193,0,5e-05,WARN,results\mega_experiments\env_sensitivity_20260207_205317.json
tab:pdr100,outdoor_suburban::LEACH,mean,0.2703,0.2703,0,5e-05,PASS,results\mega_experiments\env_sensitivity_20260207_205317.json
tab:pdr100,outdoor_suburban::LEACH,std_population,0.0272,0.0272,0,5e-05,WARN,results\mega_experiments\env_sensitivity_20260207_205317.json
tab:pdr100,outdoor_suburban::PEGASIS,mean,0.3382,0.3382,0,5e-05,PASS,results\mega_experiments\env_sensitivity_20260207_205317.json
tab:pdr100,outdoor_suburban::PEGASIS,std_population,0.0329,0.0329,0,5e-05,WARN,results\mega_experiments\env_sensitivity_20260207_205317.json
tab:pdr100,outdoor_suburban::HEED,mean,0.4221,0.4221,0,5e-05,PASS,results\mega_experiments\env_sensitivity_20260207_205317.json
tab:pdr100,outdoor_suburban::HEED,std_population,0.0313,0.0313,0,5e-05,WARN,results\mega_experiments\env_sensitivity_20260207_205317.json
tab:pdr100,outdoor_suburban::TEEN,mean,0.4752,0.4752,0,5e-05,PASS,results\mega_experiments\env_sensitivity_20260207_205317.json
tab:pdr100,outdoor_suburban::TEEN,std_population,0.0236,0.0236,0,5e-05,WARN,results\mega_experiments\env_sensitivity_20260207_205317.json
tab:ablation_gateway,indoor_office,full_mean,0.9739,0.9739,0,5e-05,PASS,results\mega_experiments\ablation_diag_multi_20260207_205448.json
tab:ablation_gateway,indoor_office,full_std_population,0.0047,0.0047,0,5e-05,WARN,results\mega_experiments\ablation_diag_multi_20260207_205448.json
tab:ablation_gateway,indoor_office,nogw_mean,0.9741,0.9741,0,5e-05,PASS,results\mega_experiments\ablation_diag_multi_20260207_205448.json
tab:ablation_gateway,indoor_office,nogw_std_sample,0.0036,0.0036,0,5e-05,PASS,results\mega_experiments\ablation_diag_multi_20260207_205448.json
tab:ablation_gateway,indoor_office,delta,0.0002,0.0002,0,0.00015,PASS,results\mega_experiments\ablation_diag_multi_20260207_205448.json
tab:ablation_gateway,indoor_factory,full_mean,0.6031,0.6031,0,5e-05,PASS,results\mega_experiments\ablation_diag_multi_20260207_205448.json
tab:ablation_gateway,indoor_factory,full_std_population,0.0258,0.0258,0,5e-05,WARN,results\mega_experiments\ablation_diag_multi_20260207_205448.json
tab:ablation_gateway,indoor_factory,nogw_mean,0.5806,0.5806,0,5e-05,PASS,results\mega_experiments\ablation_diag_multi_20260207_205448.json
tab:ablation_gateway,indoor_factory,nogw_std_population,0.0215,0.0215,0,5e-05,WARN,results\mega_experiments\ablation_diag_multi_20260207_205448.json
tab:ablation_gateway,indoor_factory,delta,-0.0225,-0.0225,0,0.00015,PASS,results\mega_experiments\ablation_diag_multi_20260207_205448.json
tab:ablation_gateway,outdoor_urban,full_mean,0.3745,0.3745,0,5e-05,PASS,results\mega_experiments\ablation_diag_multi_20260207_205448.json
tab:ablation_gateway,outdoor_urban,full_std_population,0.0354,0.0354,0,5e-05,WARN,results\mega_experiments\ablation_diag_multi_20260207_205448.json
tab:ablation_gateway,outdoor_urban,nogw_mean,0.3534,0.3534,0,5e-05,PASS,results\mega_experiments\ablation_diag_multi_20260207_205448.json
tab:ablation_gateway,outdoor_urban,nogw_std_population,0.0301,0.0301,0,5e-05,WARN,results\mega_experiments\ablation_diag_multi_20260207_205448.json
tab:ablation_gateway,outdoor_urban,delta,-0.0212,-0.0211,0.0001,0.00015,PASS,results\mega_experiments\ablation_diag_multi_20260207_205448.json
tab:ablation_gateway,outdoor_suburban,full_mean,0.7451,0.7451,0,5e-05,PASS,results\mega_experiments\ablation_diag_multi_20260207_205448.json
tab:ablation_gateway,outdoor_suburban,full_std_population,0.0193,0.0193,0,5e-05,WARN,results\mega_experiments\ablation_diag_multi_20260207_205448.json
tab:ablation_gateway,outdoor_suburban,nogw_mean,0.7306,0.7306,0,5e-05,PASS,results\mega_experiments\ablation_diag_multi_20260207_205448.json
tab:ablation_gateway,outdoor_suburban,nogw_std_population,0.0264,0.0264,0,5e-05,WARN,results\mega_experiments\ablation_diag_multi_20260207_205448.json
tab:ablation_gateway,outdoor_suburban,delta,-0.0146,-0.0145,0.0001,0.00015,PASS,results\mega_experiments\ablation_diag_multi_20260207_205448.json
tab:scale1000,indoor_office::AERIS,pdr_mean,0.9899,0.9899,0,0.00015,PASS,results\mega_experiments\scalability_4env_mixed_20260213_s11_descriptive.csv
tab:scale1000,indoor_office::LEACH,pdr_mean,0.9902,0.9902,0,0.00015,PASS,results\mega_experiments\scalability_4env_mixed_20260213_s11_descriptive.csv
tab:scale1000,indoor_office::PEGASIS,pdr_mean,0.9991,0.9991,0,0.00015,PASS,results\mega_experiments\scalability_4env_mixed_20260213_s11_descriptive.csv
tab:scale1000,indoor_office::HEED,pdr_mean,0.9911,0.9911,0,0.00015,PASS,results\mega_experiments\scalability_4env_mixed_20260213_s11_descriptive.csv
tab:scale1000,indoor_office::TEEN,pdr_mean,0.9922,0.9922,0,0.00015,PASS,results\mega_experiments\scalability_4env_mixed_20260213_s11_descriptive.csv
tab:scale1000,indoor_factory::AERIS,pdr_mean,0.9725,0.9725,0,0.00015,PASS,results\mega_experiments\scalability_4env_mixed_20260213_s11_descriptive.csv
tab:scale1000,indoor_factory::LEACH,pdr_mean,0.1888,0.1888,0,0.00015,PASS,results\mega_experiments\scalability_4env_mixed_20260213_s11_descriptive.csv
tab:scale1000,indoor_factory::PEGASIS,pdr_mean,0.1619,0.1618,0.0001,0.00015,PASS,results\mega_experiments\scalability_4env_mixed_20260213_s11_descriptive.csv
tab:scale1000,indoor_factory::HEED,pdr_mean,0.1631,0.1631,0,0.00015,PASS,results\mega_experiments\scalability_4env_mixed_20260213_s11_descriptive.csv
tab:scale1000,indoor_factory::TEEN,pdr_mean,0.2196,0.2196,0,0.00015,PASS,results\mega_experiments\scalability_4env_mixed_20260213_s11_descriptive.csv
tab:scale1000,outdoor_urban::AERIS,pdr_mean,0.8849,0.8849,0,0.00015,PASS,results\mega_experiments\scalability_4env_mixed_20260213_s11_descriptive.csv
tab:scale1000,outdoor_urban::LEACH,pdr_mean,0.0623,0.0623,0,0.00015,PASS,results\mega_experiments\scalability_4env_mixed_20260213_s11_descriptive.csv
tab:scale1000,outdoor_urban::PEGASIS,pdr_mean,0.0487,0.0487,0,0.00015,PASS,results\mega_experiments\scalability_4env_mixed_20260213_s11_descriptive.csv
tab:scale1000,outdoor_urban::HEED,pdr_mean,0.0341,0.0341,0,0.00015,PASS,results\mega_experiments\scalability_4env_mixed_20260213_s11_descriptive.csv
tab:scale1000,outdoor_urban::TEEN,pdr_mean,0.0664,0.0664,0,0.00015,PASS,results\mega_experiments\scalability_4env_mixed_20260213_s11_descriptive.csv
tab:scale1000,outdoor_suburban::AERIS,pdr_mean,0.99,0.99,0,0.00015,PASS,results\mega_experiments\scalability_4env_mixed_20260213_s11_descriptive.csv
tab:scale1000,outdoor_suburban::LEACH,pdr_mean,0.5952,0.5952,0,0.00015,PASS,results\mega_experiments\scalability_4env_mixed_20260213_s11_descriptive.csv
tab:scale1000,outdoor_suburban::PEGASIS,pdr_mean,0.7866,0.7866,0,0.00015,PASS,results\mega_experiments\scalability_4env_mixed_20260213_s11_descriptive.csv
tab:scale1000,outdoor_suburban::HEED,pdr_mean,0.5544,0.5544,0,0.00015,PASS,results\mega_experiments\scalability_4env_mixed_20260213_s11_descriptive.csv
tab:scale1000,outdoor_suburban::TEEN,pdr_mean,0.6899,0.6899,0,0.00015,PASS,results\mega_experiments\scalability_4env_mixed_20260213_s11_descriptive.csv
tab:robust_snapshot,indoor_office::n100,diff,0.004548,0.004548,0,5e-07,PASS,results\mega_experiments\scalability_4env_mixed_20260213_s11_significance.csv
tab:robust_snapshot,indoor_office::n100,hedges_g,2.3398,2.3398,0,5e-05,PASS,results\mega_experiments\scalability_4env_mixed_20260213_s11_significance.csv
tab:robust_snapshot,indoor_office::n100,holm_p,1.32e-207,1.317416e-207,2.584e-210,1e-12,PASS,results\mega_experiments\scalability_4env_mixed_20260213_s11_significance.csv
tab:robust_snapshot,indoor_office::n100,significant_yes_no,1,1,0,1e-12,PASS,results\mega_experiments\scalability_4env_mixed_20260213_s11_significance.csv
tab:robust_snapshot,indoor_office::n500,diff,-0.00013,-0.00013,0,5e-07,PASS,results\mega_experiments\scalability_4env_mixed_20260213_s11_significance.csv
tab:robust_snapshot,indoor_office::n500,hedges_g,-0.1009,-0.1009,0,5e-05,PASS,results\mega_experiments\scalability_4env_mixed_20260213_s11_significance.csv
tab:robust_snapshot,indoor_office::n500,holm_p,0.0946,0.09456591,3.409e-05,0.001892,PASS,results\mega_experiments\scalability_4env_mixed_20260213_s11_significance.csv
tab:robust_snapshot,indoor_office::n500,significant_yes_no,0,0,0,1e-12,PASS,results\mega_experiments\scalability_4env_mixed_20260213_s11_significance.csv
tab:robust_snapshot,indoor_office::n1000,diff,-0.000286,-0.000286,0,5e-07,PASS,results\mega_experiments\scalability_4env_mixed_20260213_s11_significance.csv
tab:robust_snapshot,indoor_office::n1000,hedges_g,-0.2673,-0.2673,0,5e-05,PASS,results\mega_experiments\scalability_4env_mixed_20260213_s11_significance.csv
tab:robust_snapshot,indoor_office::n1000,holm_p,1.05e-05,1.045521e-05,4.479e-08,2.1e-07,PASS,results\mega_experiments\scalability_4env_mixed_20260213_s11_significance.csv
tab:robust_snapshot,indoor_office::n1000,significant_yes_no,1,1,0,1e-12,PASS,results\mega_experiments\scalability_4env_mixed_20260213_s11_significance.csv
tab:robust_snapshot,indoor_factory::n1000,diff,0.783773,0.783773,0,5e-07,PASS,results\mega_experiments\scalability_4env_mixed_20260213_s11_significance.csv
tab:robust_snapshot,indoor_factory::n1000,hedges_g,151.3826,151.3826,0,5e-05,PASS,results\mega_experiments\scalability_4env_mixed_20260213_s11_significance.csv
tab:robust_snapshot,indoor_factory::n1000,holm_p_lt_1e-300,0,0,0,1e-12,PASS,results\mega_experiments\scalability_4env_mixed_20260213_s11_significance.csv
tab:robust_snapshot,indoor_factory::n1000,significant_yes_no,1,1,0,1e-12,PASS,results\mega_experiments\scalability_4env_mixed_20260213_s11_significance.csv
tab:robust_snapshot,outdoor_urban::n1000,diff,0.822585,0.822585,0,5e-07,PASS,results\mega_experiments\scalability_4env_mixed_20260213_s11_significance.csv
tab:robust_snapshot,outdoor_urban::n1000,hedges_g,181.4951,181.4951,0,5e-05,PASS,results\mega_experiments\scalability_4env_mixed_20260213_s11_significance.csv
tab:robust_snapshot,outdoor_urban::n1000,holm_p_lt_1e-300,0,0,0,1e-12,PASS,results\mega_experiments\scalability_4env_mixed_20260213_s11_significance.csv
tab:robust_snapshot,outdoor_urban::n1000,significant_yes_no,1,1,0,1e-12,PASS,results\mega_experiments\scalability_4env_mixed_20260213_s11_significance.csv
tab:robust_snapshot,outdoor_suburban::n1000,diff,0.394856,0.394856,0,5e-07,PASS,results\mega_experiments\scalability_4env_mixed_20260213_s11_significance.csv
tab:robust_snapshot,outdoor_suburban::n1000,hedges_g,65.3769,65.3769,0,5e-05,PASS,results\mega_experiments\scalability_4env_mixed_20260213_s11_significance.csv
tab:robust_snapshot,outdoor_suburban::n1000,holm_p_lt_1e-300,0,0,0,1e-12,PASS,results\mega_experiments\scalability_4env_mixed_20260213_s11_significance.csv
tab:robust_snapshot,outdoor_suburban::n1000,significant_yes_no,1,1,0,1e-12,PASS,results\mega_experiments\scalability_4env_mixed_20260213_s11_significance.csv
tab:ns3_trend,indoor_office,aeris_mean,0.9202,0.9202,0,5e-05,PASS,ns3_validation\results\ns3_multienv_stats.csv
tab:ns3_trend,indoor_office,leach_mean,0.9185,0.9185,0,5e-05,PASS,ns3_validation\results\ns3_multienv_stats.csv
tab:ns3_trend,indoor_office,diff,0.0017,0.0017,0,5e-05,PASS,ns3_validation\results\ns3_multienv_significance.csv
tab:ns3_trend,indoor_office,holm_p,1,1,0,0.01,PASS,ns3_validation\results\ns3_multienv_significance.csv
tab:ns3_trend,indoor_office,significant_yes_no,0,0,0,1e-12,PASS,ns3_validation\results\ns3_multienv_significance.csv
tab:ns3_trend,indoor_factory,aeris_mean,0.5991,0.5991,0,5e-05,PASS,ns3_validation\results\ns3_multienv_stats.csv
tab:ns3_trend,indoor_factory,leach_mean,0.533,0.533,0,5e-05,PASS,ns3_validation\results\ns3_multienv_stats.csv
tab:ns3_trend,indoor_factory,diff,0.0661,0.0661,0,5e-05,PASS,ns3_validation\results\ns3_multienv_significance.csv
tab:ns3_trend,indoor_factory,holm_p,1e-20,5.107526e-26,9.99994892474e-21,1e-12,PASS,ns3_validation\results\ns3_multienv_significance.csv
tab:ns3_trend,indoor_factory,significant_yes_no,1,1,0,1e-12,PASS,ns3_validation\results\ns3_multienv_significance.csv
tab:ns3_trend,outdoor_urban,aeris_mean,0.2057,0.2057,0,5e-05,PASS,ns3_validation\results\ns3_multienv_stats.csv
tab:ns3_trend,outdoor_urban,leach_mean,0.1889,0.1889,0,5e-05,PASS,ns3_validation\results\ns3_multienv_stats.csv
tab:ns3_trend,outdoor_urban,diff,0.0169,0.0169,0,5e-05,PASS,ns3_validation\results\ns3_multienv_significance.csv
tab:ns3_trend,outdoor_urban,holm_p,0.000789,0.0007892941,2.941e-07,1.578e-05,PASS,ns3_validation\results\ns3_multienv_significance.csv
tab:ns3_trend,outdoor_urban,significant_yes_no,1,1,0,1e-12,PASS,ns3_validation\results\ns3_multienv_significance.csv
tab:ns3_trend,outdoor_suburban,aeris_mean,0.7767,0.7767,0,5e-05,PASS,ns3_validation\results\ns3_multienv_stats.csv
tab:ns3_trend,outdoor_suburban,leach_mean,0.6929,0.6929,0,5e-05,PASS,ns3_validation\results\ns3_multienv_stats.csv
tab:ns3_trend,outdoor_suburban,diff,0.0838,0.0838,0,5e-05,PASS,ns3_validation\results\ns3_multienv_significance.csv
tab:ns3_trend,outdoor_suburban,holm_p,3.17e-25,3.168464e-25,1.536e-28,1e-12,PASS,ns3_validation\results\ns3_multienv_significance.csv
tab:ns3_trend,outdoor_suburban,significant_yes_no,1,1,0,1e-12,PASS,ns3_validation\results\ns3_multienv_significance.csv
